{"count":1,"self":43.7076256,"total":190.5524836,"children":{"InitializeActuators":{"count":30,"self":0.0025169999999999997,"total":0.0025169999999999997,"children":null},"InitializeSensors":{"count":30,"self":0.0026233999999999997,"total":0.0026233999999999997,"children":null},"AgentSendState":{"count":27267,"self":6.1086632,"total":8.6877304,"children":{"CollectObservations":{"count":163620,"self":0.3249918,"total":0.3249918,"children":null},"WriteActionMask":{"count":163620,"self":0.0434101,"total":0.0434101,"children":null},"RequestDecision":{"count":163620,"self":0.2689604,"total":2.2106651999999998,"children":{"AgentInfo.ToProto":{"count":163620,"self":0.23001739999999998,"total":1.9417048,"children":{"GenerateSensorData":{"count":163620,"self":1.3347687,"total":1.7116874,"children":{"RayPerceptionSensor.Perceive":{"count":163620,"self":0.3769187,"total":0.3769187,"children":null}}}}}}}}},"DecideAction":{"count":27267,"self":136.35357439999999,"total":136.3535803,"children":null},"AgentAct":{"count":27267,"self":1.7904175999999998,"total":1.7904177,"children":null},"AgentInfo.ToProto":{"count":350,"self":0.0012577999999999999,"total":0.0074658,"children":{"GenerateSensorData":{"count":350,"self":0.0030754999999999997,"total":0.006208,"children":{"RayPerceptionSensor.Perceive":{"count":350,"self":0.0031325,"total":0.0031325,"children":null}}}}}},"gauges":{"PlayerAgent.CumulativeReward":{"count":350,"max":2.50000048,"min":-5.999996,"runningAverage":-0.871714354,"value":-1,"weightedAverage":-0.2220054}},"metadata":{"timer_format_version":"0.1.0","start_time_seconds":"1743763678","unity_version":"2022.3.49f1","command_line_arguments":"C:\\Program Files\\Unity\\Hub\\Editor\\2022.3.49f1\\Editor\\Unity.exe -projectpath D:\\Unity\\TRY -useHub -hubIPC -cloudEnvironment production","communication_protocol_version":"1.5.0","com.unity.ml-agents_version":"3.0.0","scene_name":"SampleScene","end_time_seconds":"1743763868"}}